<?xml version="1.0"?>
<?mso-application progid="Excel.Sheet"?>
<Workbook xmlns="urn:schemas-microsoft-com:office:spreadsheet"
 xmlns:o="urn:schemas-microsoft-com:office:office"
 xmlns:x="urn:schemas-microsoft-com:office:excel"
 xmlns:ss="urn:schemas-microsoft-com:office:spreadsheet"
 xmlns:html="http://www.w3.org/TR/REC-html40">
 <DocumentProperties xmlns="urn:schemas-microsoft-com:office:office">
  <Created>2006-09-16T00:00:00Z</Created>
  <LastSaved>2018-01-12T07:25:16Z</LastSaved>
  <Version>15.00</Version>
 </DocumentProperties>
 <OfficeDocumentSettings xmlns="urn:schemas-microsoft-com:office:office">
  <AllowPNG/>
  <RemovePersonalInformation/>
 </OfficeDocumentSettings>
 <ExcelWorkbook xmlns="urn:schemas-microsoft-com:office:excel">
  <WindowHeight>8010</WindowHeight>
  <WindowWidth>14805</WindowWidth>
  <WindowTopX>240</WindowTopX>
  <WindowTopY>105</WindowTopY>
  <ActiveSheet>1</ActiveSheet>
  <ProtectStructure>False</ProtectStructure>
  <ProtectWindows>False</ProtectWindows>
 </ExcelWorkbook>
 <Styles>
  <Style ss:ID="Default" ss:Name="Normal">
   <Alignment ss:Vertical="Bottom"/>
   <Borders/>
   <Font ss:FontName="宋体" ss:Size="11" ss:Color="#000000"/>
   <Interior/>
   <NumberFormat/>
   <Protection/>
  </Style>
 </Styles>
 <Worksheet ss:Name="avartar">
  <Table ss:ExpandedColumnCount="4" ss:ExpandedRowCount="6" x:FullColumns="1"
   x:FullRows="1" ss:DefaultColumnWidth="54" ss:DefaultRowHeight="13.5">
   <Column ss:AutoFitWidth="0" ss:Width="66" ss:Span="1"/>
   <Column ss:Index="3" ss:AutoFitWidth="0" ss:Width="74.25"/>
   <Row>
    <Cell><Data ss:Type="String">avatar_id</Data></Cell>
    <Cell><Data ss:Type="String">name</Data></Cell>
    <Cell><Data ss:Type="String">desc</Data></Cell>
    <Cell><Data ss:Type="String">skin</Data></Cell>
   </Row>
   <Row>
    <Cell><Data ss:Type="Number">1</Data></Cell>
    <Cell><Data ss:Type="String">小鸡</Data></Cell>
    <Cell><Data ss:Type="String">小鸡</Data></Cell>
    <Cell><Data ss:Type="String">j1</Data></Cell>
   </Row>
   <Row>
    <Cell><Data ss:Type="Number">2</Data></Cell>
    <Cell><Data ss:Type="String">小兔</Data></Cell>
    <Cell><Data ss:Type="String">小兔</Data></Cell>
    <Cell><Data ss:Type="String">t1</Data></Cell>
   </Row>
   <Row>
    <Cell><Data ss:Type="Number">3</Data></Cell>
    <Cell><Data ss:Type="String">小熊</Data></Cell>
    <Cell><Data ss:Type="String">小熊</Data></Cell>
    <Cell><Data ss:Type="String">x1</Data></Cell>
   </Row>
   <Row>
    <Cell><Data ss:Type="Number">4</Data></Cell>
    <Cell><Data ss:Type="String">小猫</Data></Cell>
    <Cell><Data ss:Type="String">小猫</Data></Cell>
    <Cell><Data ss:Type="String">g1</Data></Cell>
   </Row>
   <Row>
    <Cell><Data ss:Type="Number">5</Data></Cell>
    <Cell><Data ss:Type="String">小鱼</Data></Cell>
    <Cell><Data ss:Type="String">小鱼</Data></Cell>
    <Cell><Data ss:Type="String">ht1</Data></Cell>
   </Row>
  </Table>
  <WorksheetOptions xmlns="urn:schemas-microsoft-com:office:excel">
   <PageSetup>
    <Header x:Margin="0.3"/>
    <Footer x:Margin="0.3"/>
    <PageMargins x:Bottom="0.75" x:Left="0.7" x:Right="0.7" x:Top="0.75"/>
   </PageSetup>
   <Panes>
    <Pane>
     <Number>3</Number>
     <ActiveRow>5</ActiveRow>
     <ActiveCol>4</ActiveCol>
    </Pane>
   </Panes>
   <ProtectObjects>False</ProtectObjects>
   <ProtectScenarios>False</ProtectScenarios>
  </WorksheetOptions>
 </Worksheet>
 <Worksheet ss:Name="reward">
  <Table ss:ExpandedColumnCount="5" ss:ExpandedRowCount="7" x:FullColumns="1"
   x:FullRows="1" ss:DefaultColumnWidth="54" ss:DefaultRowHeight="13.5">
   <Column ss:AutoFitWidth="0" ss:Width="66.75"/>
   <Row>
    <Cell><Data ss:Type="String">reward_id</Data></Cell>
    <Cell><Data ss:Type="String">name</Data></Cell>
    <Cell><Data ss:Type="String">skin</Data></Cell>
    <Cell><Data ss:Type="String">rate</Data></Cell>
    <Cell><Data ss:Type="String">score</Data></Cell>
   </Row>
   <Row>
    <Cell><Data ss:Type="Number">1</Data></Cell>
    <Cell><Data ss:Type="String">200M流量</Data></Cell>
    <Cell ss:Index="4"><Data ss:Type="Number">10000</Data></Cell>
    <Cell><Data ss:Type="Number">10</Data></Cell>
   </Row>
   <Row>
    <Cell><Data ss:Type="Number">2</Data></Cell>
    <Cell><Data ss:Type="String">500M流量</Data></Cell>
    <Cell ss:Index="4"><Data ss:Type="Number">9000</Data></Cell>
    <Cell><Data ss:Type="Number">15</Data></Cell>
   </Row>
   <Row>
    <Cell><Data ss:Type="Number">3</Data></Cell>
    <Cell><Data ss:Type="String">800M流量</Data></Cell>
    <Cell ss:Index="4"><Data ss:Type="Number">5000</Data></Cell>
    <Cell><Data ss:Type="Number">20</Data></Cell>
   </Row>
   <Row>
    <Cell><Data ss:Type="Number">4</Data></Cell>
    <Cell><Data ss:Type="String">2元话费</Data></Cell>
    <Cell ss:Index="4"><Data ss:Type="Number">6000</Data></Cell>
    <Cell><Data ss:Type="Number">15</Data></Cell>
   </Row>
   <Row>
    <Cell><Data ss:Type="Number">5</Data></Cell>
    <Cell><Data ss:Type="String">5元话费</Data></Cell>
    <Cell ss:Index="4"><Data ss:Type="Number">3000</Data></Cell>
    <Cell><Data ss:Type="Number">30</Data></Cell>
   </Row>
   <Row>
    <Cell><Data ss:Type="Number">6</Data></Cell>
    <Cell><Data ss:Type="String">10元话费</Data></Cell>
    <Cell ss:Index="4"><Data ss:Type="Number">1000</Data></Cell>
    <Cell><Data ss:Type="Number">60</Data></Cell>
   </Row>
  </Table>
  <WorksheetOptions xmlns="urn:schemas-microsoft-com:office:excel">
   <PageSetup>
    <Header x:Margin="0.3"/>
    <Footer x:Margin="0.3"/>
    <PageMargins x:Bottom="0.75" x:Left="0.7" x:Right="0.7" x:Top="0.75"/>
   </PageSetup>
   <Print>
    <ValidPrinterInfo/>
    <PaperSizeIndex>9</PaperSizeIndex>
    <HorizontalResolution>600</HorizontalResolution>
    <VerticalResolution>600</VerticalResolution>
   </Print>
   <Selected/>
   <Panes>
    <Pane>
     <Number>3</Number>
     <ActiveRow>9</ActiveRow>
     <ActiveCol>7</ActiveCol>
    </Pane>
   </Panes>
   <ProtectObjects>False</ProtectObjects>
   <ProtectScenarios>False</ProtectScenarios>
  </WorksheetOptions>
 </Worksheet>
 <Worksheet ss:Name="array">
  <Table ss:ExpandedColumnCount="5" ss:ExpandedRowCount="3" x:FullColumns="1"
   x:FullRows="1" ss:DefaultColumnWidth="54" ss:DefaultRowHeight="13.5">
   <Column ss:AutoFitWidth="0" ss:Width="85.5"/>
   <Column ss:AutoFitWidth="0" ss:Width="89.25"/>
   <Column ss:AutoFitWidth="0" ss:Width="491.25"/>
   <Column ss:AutoFitWidth="0" ss:Width="72"/>
   <Row>
    <Cell><Data ss:Type="String">array_id</Data></Cell>
    <Cell><Data ss:Type="String">group[[avartar,reward]]</Data></Cell>
    <Cell ss:Index="4"><Data ss:Type="String">interval</Data></Cell>
    <Cell><Data ss:Type="String">num</Data></Cell>
   </Row>
   <Row>
    <Cell><Data ss:Type="Number">0</Data></Cell>
    <Cell><Data ss:Type="String">[[1,1],[1,2],[2,1],[2,2],[3,1],[3,2],[1,4],[2,4],[3,4]]</Data></Cell>
    <Cell ss:Index="4"><Data ss:Type="String">[168,268]</Data></Cell>
    <Cell><Data ss:Type="Number">30</Data></Cell>
   </Row>
   <Row>
    <Cell><Data ss:Type="Number">1</Data></Cell>
    <Cell><Data ss:Type="String">[[1,3],[1,3],[3,3],[4,3],[5,3],[1,5],[2,5],[3,5],[4,5],[5,5],[1,6],[2,6],[3,6],[4,6],[5,6]]</Data></Cell>
    <Cell ss:Index="4"><Data ss:Type="String">[100,150]</Data></Cell>
    <Cell><Data ss:Type="Number">30</Data></Cell>
   </Row>
  </Table>
  <WorksheetOptions xmlns="urn:schemas-microsoft-com:office:excel">
   <PageSetup>
    <Header x:Margin="0.3"/>
    <Footer x:Margin="0.3"/>
    <PageMargins x:Bottom="0.75" x:Left="0.7" x:Right="0.7" x:Top="0.75"/>
   </PageSetup>
   <Panes>
    <Pane>
     <Number>3</Number>
     <ActiveRow>7</ActiveRow>
     <ActiveCol>4</ActiveCol>
    </Pane>
   </Panes>
   <ProtectObjects>False</ProtectObjects>
   <ProtectScenarios>False</ProtectScenarios>
  </WorksheetOptions>
 </Worksheet>
 <Worksheet ss:Name="belt">
  <Table ss:ExpandedColumnCount="2" ss:ExpandedRowCount="3" x:FullColumns="1"
   x:FullRows="1" ss:DefaultColumnWidth="54" ss:DefaultRowHeight="13.5">
   <Row>
    <Cell><Data ss:Type="String">belt_id</Data></Cell>
    <Cell><Data ss:Type="String">move_speed</Data></Cell>
   </Row>
   <Row>
    <Cell><Data ss:Type="Number">0</Data></Cell>
    <Cell><Data ss:Type="Number">120</Data></Cell>
   </Row>
   <Row>
    <Cell><Data ss:Type="Number">1</Data></Cell>
    <Cell><Data ss:Type="Number">120</Data></Cell>
   </Row>
  </Table>
  <WorksheetOptions xmlns="urn:schemas-microsoft-com:office:excel">
   <PageSetup>
    <Header x:Margin="0.3"/>
    <Footer x:Margin="0.3"/>
    <PageMargins x:Bottom="0.75" x:Left="0.7" x:Right="0.7" x:Top="0.75"/>
   </PageSetup>
   <Panes>
    <Pane>
     <Number>3</Number>
     <ActiveRow>5</ActiveRow>
     <ActiveCol>2</ActiveCol>
    </Pane>
   </Panes>
   <ProtectObjects>False</ProtectObjects>
   <ProtectScenarios>False</ProtectScenarios>
  </WorksheetOptions>
 </Worksheet>
 <Worksheet ss:Name="hand">
  <Table ss:ExpandedColumnCount="4" ss:ExpandedRowCount="5" x:FullColumns="1"
   x:FullRows="1" ss:DefaultColumnWidth="54" ss:DefaultRowHeight="13.5">
   <Column ss:AutoFitWidth="0" ss:Width="84.75"/>
   <Row>
    <Cell><Data ss:Type="String">down_speed</Data></Cell>
    <Cell><Data ss:Type="String">catch_rate</Data></Cell>
   </Row>
   <Row>
    <Cell><Data ss:Type="String">[100,120]</Data></Cell>
    <Cell><Data ss:Type="Number">7000</Data></Cell>
   </Row>
   <Row ss:Index="5">
    <Cell ss:Index="4"><Data ss:Type="String">s</Data></Cell>
   </Row>
  </Table>
  <WorksheetOptions xmlns="urn:schemas-microsoft-com:office:excel">
   <PageSetup>
    <Header x:Margin="0.3"/>
    <Footer x:Margin="0.3"/>
    <PageMargins x:Bottom="0.75" x:Left="0.7" x:Right="0.7" x:Top="0.75"/>
   </PageSetup>
   <Panes>
    <Pane>
     <Number>3</Number>
     <ActiveRow>4</ActiveRow>
     <ActiveCol>3</ActiveCol>
    </Pane>
   </Panes>
   <ProtectObjects>False</ProtectObjects>
   <ProtectScenarios>False</ProtectScenarios>
  </WorksheetOptions>
 </Worksheet>
 <Worksheet ss:Name="price">
  <Table ss:ExpandedColumnCount="3" ss:ExpandedRowCount="3" x:FullColumns="1"
   x:FullRows="1" ss:DefaultColumnWidth="54" ss:DefaultRowHeight="13.5">
   <Row>
    <Cell><Data ss:Type="String">type</Data></Cell>
    <Cell><Data ss:Type="String">cost</Data></Cell>
    <Cell><Data ss:Type="String">num</Data></Cell>
   </Row>
   <Row>
    <Cell><Data ss:Type="Number">0</Data></Cell>
    <Cell><Data ss:Type="Number">2</Data></Cell>
    <Cell><Data ss:Type="Number">1</Data></Cell>
   </Row>
   <Row>
    <Cell><Data ss:Type="Number">1</Data></Cell>
    <Cell><Data ss:Type="Number">10</Data></Cell>
    <Cell><Data ss:Type="Number">6</Data></Cell>
   </Row>
  </Table>
  <WorksheetOptions xmlns="urn:schemas-microsoft-com:office:excel">
   <PageSetup>
    <Header x:Margin="0.3"/>
    <Footer x:Margin="0.3"/>
    <PageMargins x:Bottom="0.75" x:Left="0.7" x:Right="0.7" x:Top="0.75"/>
   </PageSetup>
   <Panes>
    <Pane>
     <Number>3</Number>
     <ActiveRow>26</ActiveRow>
     <ActiveCol>6</ActiveCol>
    </Pane>
   </Panes>
   <ProtectObjects>False</ProtectObjects>
   <ProtectScenarios>False</ProtectScenarios>
  </WorksheetOptions>
 </Worksheet>
</Workbook>
